comName,State Status,Abundance,Sort as,atlasUrl
Black-bellied Whistling-Duck,1,Occasional,,
West Indian Whistling-Duck,3a,Accidental,,
Fulvous Whistling-Duck,1,Accidental,,
Snow Goose,1,,,
Snow Goose (Lesser),1,,,
Snow Goose (Greater),1,,,
Ross's Goose,1,,,
Greater White-fronted Goose,1,,,
Pink-footed Goose,1,Accidental,,
Brant,1,,,
Barnacle Goose,3a,Accidental,,
Cackling Goose,1,,,
Canada Goose,1,,,https://vabirdatlas.org/species-account/canada-goose/
Mute Swan,5,,,https://vabirdatlas.org/species-account/mute-swan/
Trumpeter Swan,1,,,https://vabirdatlas.org/species-account/trumpeter-swan/
Tundra Swan,1,,,
Wood Duck,1,,,https://vabirdatlas.org/species-account/wood-duck/
Garganey,1,Accidental,,
Blue-winged Teal,1,,,
Cinnamon Teal,1,Accidental,,
Northern Shoveler,1,,,
Gadwall,1,,,https://vabirdatlas.org/species-account/gadwall/
Eurasian Wigeon,1,Occasional,,
American Wigeon,1,,,
Mallard,1,,,https://vabirdatlas.org/species-account/mallard/
American Black Duck,1,,,https://vabirdatlas.org/species-account/american-black-duck/
Mottled Duck,1,Rare,,
White-cheeked Pintail,1,Accidental,,
Northern Pintail,1,,,
Green-winged Teal,1,,,
Green-winged Teal (American),1,,,
Green-winged Teal (Eurasian),1,Rare,,
Canvasback,1,,,
Redhead,1,,,
Ring-necked Duck,1,,,
Tufted Duck,1,Accidental,,
Greater Scaup,1,,,
Lesser Scaup,1,,,
King Eider,1,Rare,,
Common Eider,1,Occasional,,
Harlequin Duck,1,Occasional,,
Surf Scoter,1,,,
White-winged Scoter,1,,,
Black Scoter,1,,,
Long-tailed Duck,1,,,
Bufflehead,1,,,
Common Goldeneye,1,,,
Barrow's Goldeneye,2,Accidental,,
Hooded Merganser,1,,,https://vabirdatlas.org/species-account/hooded-merganser/
Common Merganser,1,,,https://vabirdatlas.org/species-account/common-merganser/
Red-breasted Merganser,1,,,
Ruddy Duck,1,,,
Northern Bobwhite,1,,,https://vabirdatlas.org/species-account/northern-bobwhite/
Wild Turkey,1,,,https://vabirdatlas.org/species-account/wild-turkey/
Ruffed Grouse,1,,,https://vabirdatlas.org/species-account/ruffed-grouse/
Ring-necked Pheasant,6,,,
American Flamingo,1,Accidental,,
Pied-billed Grebe,1,,,https://vabirdatlas.org/species-account/pied-billed-grebe/
Horned Grebe,1,,,
Red-necked Grebe,1,,,
Eared Grebe,1,Occasional,,
Western Grebe,1,Rare,,
Clark's Grebe,1,Accidental,,
Common Ground Dove,1,Rare,,
White-winged Dove,1,Occasional,,
Mourning Dove,1,,,https://vabirdatlas.org/species-account/mourning-dove/
White-crowned Pigeon,1,Accidental,,
Eurasian Collared-Dove,5,,,https://vabirdatlas.org/species-account/eurasian-collared-dove/
Rock Pigeon,5,,,https://vabirdatlas.org/species-account/rock-pigeon/
Groove-billed Ani,1,Accidental,,
Yellow-billed Cuckoo,1,,,https://vabirdatlas.org/species-account/yellow-billed-cuckoo/
Black-billed Cuckoo,1,,,https://vabirdatlas.org/species-account/black-billed-cuckoo/
Common Nighthawk,1,,,https://vabirdatlas.org/species-account/common-nighthawk/
Chuck-will's-widow,1,,,https://vabirdatlas.org/species-account/chuck-wills-widow/
Eastern Whip-poor-will,1,,,https://vabirdatlas.org/species-account/eastern-whip-poor-will/
Chimney Swift,1,,,https://vabirdatlas.org/species-account/chimney-swift/
Mexican Violetear,1,Accidental,,
Rivoli's Hummingbird,1,Accidental,,
Ruby-throated Hummingbird,1,,,https://vabirdatlas.org/species-account/ruby-throated-hummingbird/
Black-chinned Hummingbird,1,Rare,,
Anna's Hummingbird,1,Accidental,,
Calliope Hummingbird,1,Accidental,,
Rufous Hummingbird,1,Occasional,,
Allen's Hummingbird,1,Accidental,,
Violet-crowned Hummingbird,1,Accidental,,
Buff-bellied Hummingbird,1,Accidental,,
Limpkin,1,Rare,,
Sandhill Crane,1,Occasional,,
Paint-billed Crake,1,Accidental,,
King Rail,1,,,https://vabirdatlas.org/species-account/king-rail/
Clapper Rail,1,,,https://vabirdatlas.org/species-account/clapper-rail/
Virginia Rail,1,,,https://vabirdatlas.org/species-account/virginia-rail/
Sora,1,,,https://vabirdatlas.org/species-account/sora/
Common Gallinule,1,,,https://vabirdatlas.org/species-account/common-gallinule/
American Coot,1,,,https://vabirdatlas.org/species-account/american-coot/
Purple Gallinule,1,Rare,,
Yellow Rail,1,Rare,,
Black Rail,1,Rare,,https://vabirdatlas.org/species-account/black-rail/
Black-necked Stilt,1,,,https://vabirdatlas.org/species-account/black-necked-stilt/
American Avocet,1,,,
American Oystercatcher,1,,,https://vabirdatlas.org/species-account/american-oystercatcher/
Black-bellied Plover,1,,,
American Golden-Plover,1,,,
Killdeer,1,,,https://vabirdatlas.org/species-account/killdeer/
Semipalmated Plover,1,,,
Piping Plover,1,,,https://vabirdatlas.org/species-account/piping-plover/
Northern Lapwing,1,Accidental,,
sand-plover sp.,,Accidental,Siberian Sand-Plover,
Wilson's Plover,1,Rare,,https://vabirdatlas.org/species-account/wilsons-plover/
Mountain Plover,1,Accidental,,
Snowy Plover,1,Accidental,,
Upland Sandpiper,1,Occasional,,
Hudsonian Whimbrel,1,,,
Eurasian Whimbrel,1,Accidental,,
Long-billed Curlew,1,Occasional,,
Bar-tailed Godwit,1,Accidental,,
Bar-tailed Godwit (European),1,Accidental,,
Bar-tailed Godwit (Siberian),1,Accidental,,
Black-tailed Godwit,1,Accidental,,
Hudsonian Godwit,1,,,
Marbled Godwit,1,,,
Ruddy Turnstone,1,,,
Red Knot,1,,,
Ruff,1,Rare,,
Sharp-tailed Sandpiper,1,Accidental,,
Stilt Sandpiper,1,,,
Curlew Sandpiper,1,Rare,,
Red-necked Stint,2,Accidental,,
Sanderling,1,,,
Dunlin,1,,,
Purple Sandpiper,1,,,
Baird's Sandpiper,1,Occasional,,
Least Sandpiper,1,,,
White-rumped Sandpiper,1,,,
Buff-breasted Sandpiper,1,Occasional,,
Pectoral Sandpiper,1,,,
Semipalmated Sandpiper,1,,,
Western Sandpiper,1,,,
Short-billed Dowitcher,1,,,
Short-billed Dowitcher (griseus),1,,,
Short-billed Dowitcher (hendersoni),1,,,
Long-billed Dowitcher,1,,,
Eurasian Woodcock,1,Accidental,,
American Woodcock,1,,,https://vabirdatlas.org/species-account/american-woodcock/
Wilson's Snipe,1,,,
Terek Sandpiper,1,Accidental,,
Spotted Sandpiper,1,,,https://vabirdatlas.org/species-account/spotted-sandpiper/
Solitary Sandpiper,1,,,
Lesser Yellowlegs,1,,,
Willet,1,,,https://vabirdatlas.org/species-account/willet/
Willet (Eastern),1,,,
Willet (Western),1,,,
Greater Yellowlegs,1,,,
Wilson's Phalarope,1,Occasional,,
Red-necked Phalarope,1,Occasional,,
Red Phalarope,1,Pelagic,,
Great Skua,1,Rare,,
South Polar Skua,1,Accidental,,
Pomarine Jaeger,1,Pelagic,,
Parasitic Jaeger,1,,,
Long-tailed Jaeger,1,Pelagic,,
Dovekie,1,Pelagic,,
Common Murre,1,Rare,,
Thick-billed Murre,1,Rare,,
Razorbill,1,,,
Black Guillemot,2,Accidental,,
Ancient Murrelet,2,Accidental,,
Atlantic Puffin,1,Pelagic,,
Brown Noddy,2,Accidental,,
Sooty Tern,1,Rare,,
Bridled Tern,1,Rare,,
Least Tern,1,,,https://vabirdatlas.org/species-account/least-tern/
Gull-billed Tern,1,,,https://vabirdatlas.org/species-account/gull-billed-tern/
Caspian Tern,1,,,https://vabirdatlas.org/species-account/caspian-tern/
Black Tern,1,,,
White-winged Tern,1,Rare,,
Roseate Tern,1,Rare,,
Common Tern,1,,,https://vabirdatlas.org/species-account/common-tern/
Arctic Tern,1,Rare,,
Forster's Tern,1,,,https://vabirdatlas.org/species-account/forsters-tern/
Royal Tern,1,,,https://vabirdatlas.org/species-account/royal-tern/
Sandwich Tern,1,,,https://vabirdatlas.org/species-account/sandwich-tern/
Elegant Tern,1,Accidental,,
Black Skimmer,1,,,https://vabirdatlas.org/species-account/black-skimmer/
Black-legged Kittiwake,1,Pelagic,,
Sabine's Gull,1,Rare,,
Bonaparte's Gull,1,,,
Black-headed Gull,1,Occasional,,
Little Gull,1,Rare,,
Laughing Gull,1,,,https://vabirdatlas.org/species-account/laughing-gull/
Franklin's Gull,1,Rare,,
Black-tailed Gull,1,Accidental,,
Heermann's Gull,1,Accidental,,
Common Gull,1,Accidental,,
Ring-billed Gull,1,,,
Vega Gull,1,Accidental,,
California Gull,1,Rare,,
American Herring Gull,1,,,https://vabirdatlas.org/species-account/american-herring-gull/
Yellow-legged Gull,1,Accidental,,
Iceland Gull,1,Occasional,,
Iceland Gull (Thayer's),1,Rare,,
Iceland Gull (Kumliens's),1,Occasional,,
Lesser Black-backed Gull,1,,,
Glaucous Gull,1,Occasional,,
Great Black-backed Gull,1,,,https://vabirdatlas.org/species-account/great-black-backed-gull/
White-tailed Tropicbird,1,Accidental,,
Red-billed Tropicbird,2,Accidental,,
Red-throated Loon,1,,,
Pacific Loon,1,Rare,,
Common Loon,1,,,
Atlantic Yellow-nosed Albatross,1,Accidental,,
Black-browed Albatross,1,Accidental,,
Wilson's Storm-Petrel,1,,,
White-faced Storm-Petrel,1,Rare,,
European Storm-Petrel,1,Accidental,,
Leach's Storm-Petrel,1,Pelagic,,
Band-rumped Storm-Petrel,1,Rare,,
Northern Fulmar,1,Pelagic,,
Trindade Petrel,1,Accidental,,
Bermuda Petrel,1,Accidental,,
Black-capped Petrel,1,Rare,,
Desertas Petrel,2,Accidental,,
Bulwer's Petrel,2,Accidental,,
Cory's Shearwater,1,Pelagic,,
Scopoli's Shearwater,1,Pelagic,,
Sooty Shearwater,1,,,
Great Shearwater,1,,,
Manx Shearwater,1,Pelagic,,
Sargasso Shearwater,1,Pelagic,,
Wood Stork,1,Rare,,
Magnificent Frigatebird,1,Rare,,
Masked Booby,1,Accidental,,
Brown Booby,1,Rare,,
Northern Gannet,1,,,
Anhinga,1,,,https://vabirdatlas.org/species-account/anhinga/
Great Cormorant,1,,,
Double-crested Cormorant,1,,,https://vabirdatlas.org/species-account/double-crested-cormorant/
Neotropic Cormorant,1,Accidental,,
White Ibis,1,,,https://vabirdatlas.org/species-account/white-ibis/
Glossy Ibis,1,,,https://vabirdatlas.org/species-account/glossy-ibis/
White-faced Ibis,1,Rare,,
Roseate Spoonbill,1,Rare,,
American White Pelican,1,,,
Brown Pelican,1,,,https://vabirdatlas.org/species-account/brown-pelican/
Least Bittern,1,,,https://vabirdatlas.org/species-account/least-bittern/
American Bittern,1,,,https://vabirdatlas.org/species-account/american-bittern/
Little Blue Heron,1,,,https://vabirdatlas.org/species-account/little-blue-heron/
Tricolored Heron,1,,,https://vabirdatlas.org/species-account/tricolored-heron/
Reddish Egret,1,Accidental,,
Snowy Egret,1,,,https://vabirdatlas.org/species-account/snowy-egret/
Little Egret,1,Accidental,,
Yellow-crowned Night Heron,1,,,https://vabirdatlas.org/species-account/yellow-crowned-night-heron/
Black-crowned Night Heron,1,,,https://vabirdatlas.org/species-account/black-crowned-night-heron/
Green Heron,1,,,https://vabirdatlas.org/species-account/green-heron/
Great Egret,1,,,https://vabirdatlas.org/species-account/great-egret/
Western Cattle-Egret,1,,,
Gray Heron,1,Accidental,,
Great Blue Heron,1,,,https://vabirdatlas.org/species-account/great-blue-heron/
Great Blue Heron (White form),1,Rare,,
Black Vulture,1,,,https://vabirdatlas.org/species-account/black-vulture/
Turkey Vulture,1,,,https://vabirdatlas.org/species-account/turkey-vulture/
Osprey,1,,,https://vabirdatlas.org/species-account/osprey/
White-tailed Kite,1,Accidental,,
Swallow-tailed Kite,1,Occasional,,
Golden Eagle,1,,,
Sharp-shinned Hawk,1,,,https://vabirdatlas.org/species-account/sharp-shinned-hawk/
Cooper's Hawk,1,,,https://vabirdatlas.org/species-account/coopers-hawk/
American Goshawk,1,Rare,,
Northern Harrier,1,,,https://vabirdatlas.org/species-account/northern-harrier/
Western Marsh Harrier,2,Accidental,,
Bald Eagle,1,,,https://vabirdatlas.org/species-account/bald-eagle/
Mississippi Kite,1,,,https://vabirdatlas.org/species-account/mississippi-kite/
Snail Kite,1,Accidental,,
Red-shouldered Hawk,1,,,https://vabirdatlas.org/species-account/red-shouldered-hawk/
Broad-winged Hawk,1,,,https://vabirdatlas.org/species-account/broad-winged-hawk/
Swainson's Hawk,1,Rare,,
Zone-tailed Hawk,1,Accidental,,
Red-tailed Hawk,1,,,https://vabirdatlas.org/species-account/red-tailed-hawk/
Red-tailed Hawk (Harlan's),1,Accidental,,
Rough-legged Hawk,1,Occasional,,
Ferruginous Hawk,1,Accidental,,
American Barn Owl,1,,,https://vabirdatlas.org/species-account/american-barn-owl/
Eastern Screech-Owl,1,,,https://vabirdatlas.org/species-account/eastern-screech-owl/
Great Horned Owl,1,,,https://vabirdatlas.org/species-account/great-horned-owl/
Snowy Owl,1,Rare,,
Burrowing Owl,1,Accidental,,
Barred Owl,1,,,https://vabirdatlas.org/species-account/barred-owl/
Long-eared Owl,1,Rare,,
Short-eared Owl,1,,,
Northern Saw-whet Owl,1,,,https://vabirdatlas.org/species-account/northern-saw-whet-owl/
Belted Kingfisher,1,,,https://vabirdatlas.org/species-account/belted-kingfisher/
Lewis's Woodpecker,1,Accidental,,
Red-headed Woodpecker,1,,,https://vabirdatlas.org/species-account/red-headed-woodpecker/
Red-bellied Woodpecker,1,,,https://vabirdatlas.org/species-account/red-bellied-woodpecker/
Yellow-bellied Sapsucker,1,,,https://vabirdatlas.org/species-account/yellow-bellied-sapsucker/
Downy Woodpecker,1,,,https://vabirdatlas.org/species-account/downy-woodpecker/
Red-cockaded Woodpecker,1,Rare,,https://vabirdatlas.org/species-account/red-cockaded-woodpecker/
Hairy Woodpecker,1,,,https://vabirdatlas.org/species-account/hairy-woodpecker/
Northern Flicker,1,,,https://vabirdatlas.org/species-account/northern-flicker/
Pileated Woodpecker,1,,,https://vabirdatlas.org/species-account/pileated-woodpecker/
Crested Caracara,1,Accidental,,
American Kestrel,1,,,https://vabirdatlas.org/species-account/american-kestrel/
Merlin,1,,,https://vabirdatlas.org/species-account/merlin/
Merlin (Taiga),1,,,
Merlin (Prairie),1,,,
Gyrfalcon,1,Accidental,,
Peregrine Falcon,1,,,https://vabirdatlas.org/species-account/peregrine-falcon/
Prairie Falcon,1,Accidental,,
Monk Parakeet,6,,,
Ash-throated Flycatcher,1,Occasional,,
Great Crested Flycatcher,1,,,https://vabirdatlas.org/species-account/great-crested-flycatcher/
Tropical Kingbird,1,Accidental,,
Couch's Kingbird,1,Accidental,,
Western Kingbird,1,Occasional,,
Eastern Kingbird,1,,,https://vabirdatlas.org/species-account/eastern-kingbird/
Gray Kingbird,1,Rare,,
Scissor-tailed Flycatcher,1,Rare,,
Fork-tailed Flycatcher,1,Rare,,
Olive-sided Flycatcher,1,,,
Western Wood-Pewee,1,Accidental,,
Eastern Wood-Pewee,1,,,https://vabirdatlas.org/species-account/eastern-wood-pewee/
Yellow-bellied Flycatcher,1,,,
Acadian Flycatcher,1,,,https://vabirdatlas.org/species-account/acadian-flycatcher/
Alder Flycatcher,1,,,https://vabirdatlas.org/species-account/alder-flycatcher/
Willow Flycatcher,1,,,https://vabirdatlas.org/species-account/willow-flycatcher/
Least Flycatcher,1,,,https://vabirdatlas.org/species-account/least-flycatcher/
Dusky Flycatcher,1,Accidental,,
Western Flycatcher,1,Accidental,,
Eastern Phoebe,1,,,https://vabirdatlas.org/species-account/eastern-phoebe/
Say's Phoebe,1,Rare,,
Vermilion Flycatcher,1,Accidental,,
White-eyed Vireo,1,,,https://vabirdatlas.org/species-account/white-eyed-vireo/
Bell's Vireo,1,Accidental,,
Yellow-throated Vireo,1,,,https://vabirdatlas.org/species-account/yellow-throated-vireo/
Blue-headed Vireo,1,,,https://vabirdatlas.org/species-account/blue-headed-vireo/
Philadelphia Vireo,1,,,
Eastern Warbling Vireo,1,,,https://vabirdatlas.org/species-account/eastern-warbling-vireo/
Red-eyed Vireo,1,,,https://vabirdatlas.org/species-account/red-eyed-vireo/
Black-whiskered Vireo,1,Accidental,,
Loggerhead Shrike,1,,,https://vabirdatlas.org/species-account/loggerhead-shrike/
Northern Shrike,1,Rare,,
Blue Jay,1,,,https://vabirdatlas.org/species-account/blue-jay/
Black-billed Magpie,1,Accidental,,
American Crow,1,,,https://vabirdatlas.org/species-account/american-crow/
Fish Crow,1,,,https://vabirdatlas.org/species-account/fish-crow/
Common Raven,1,,,https://vabirdatlas.org/species-account/common-raven/
Carolina Chickadee,1,,,https://vabirdatlas.org/species-account/carolina-chickadee/
Black-capped Chickadee,1,,,https://vabirdatlas.org/species-account/black-capped-chickadee/
Boreal Chickadee,2,Accidental,,
Tufted Titmouse,1,,,https://vabirdatlas.org/species-account/tufted-titmouse/
Horned Lark,1,,,https://vabirdatlas.org/species-account/horned-lark/
Bank Swallow,1,,,https://vabirdatlas.org/species-account/bank-swallow/
Tree Swallow,1,,,https://vabirdatlas.org/species-account/tree-swallow/
Violet-green Swallow,1,Accidental,,
Northern Rough-winged Swallow,1,,,https://vabirdatlas.org/species-account/northern-rough-winged-swallow/
Brown-chested Martin,2,Accidental,,
Purple Martin,1,,,https://vabirdatlas.org/species-account/purple-martin/
Barn Swallow,1,,,https://vabirdatlas.org/species-account/barn-swallow/
Cliff Swallow,1,,,https://vabirdatlas.org/species-account/cliff-swallow/
Cave Swallow,1,Rare,,
Ruby-crowned Kinglet,1,,,
Golden-crowned Kinglet,1,,,https://vabirdatlas.org/species-account/golden-crowned-kinglet/
Bohemian Waxwing,1,Accidental,,
Cedar Waxwing,1,,,https://vabirdatlas.org/species-account/cedar-waxwing/
Red-breasted Nuthatch,1,,,https://vabirdatlas.org/species-account/red-breasted-nuthatch/
White-breasted Nuthatch,1,,,https://vabirdatlas.org/species-account/white-breasted-nuthatch/
Brown-headed Nuthatch,1,,,https://vabirdatlas.org/species-account/brown-headed-nuthatch/
Brown Creeper,1,,,https://vabirdatlas.org/species-account/brown-creeper/
Blue-gray Gnatcatcher,1,,,https://vabirdatlas.org/species-account/blue-gray-gnatcatcher/
Rock Wren,1,Accidental,,
Bewick's Wren,1,Extirpated,,
Carolina Wren,1,,,https://vabirdatlas.org/species-account/carolina-wren/
Northern House Wren,1,,,https://vabirdatlas.org/species-account/northern-house-wren/
Winter Wren,1,,,https://vabirdatlas.org/species-account/winter-wren/
Sedge Wren,1,,,
Marsh Wren,1,,,https://vabirdatlas.org/species-account/marsh-wren/
Gray Catbird,1,,,https://vabirdatlas.org/species-account/gray-catbird/
Brown Thrasher,1,,,https://vabirdatlas.org/species-account/brown-thrasher/
Sage Thrasher,1,Accidental,,
Northern Mockingbird,1,,,https://vabirdatlas.org/species-account/northern-mockingbird/
European Starling,5,,,https://vabirdatlas.org/species-account/european-starling/
Eastern Bluebird,1,,,https://vabirdatlas.org/species-account/eastern-bluebird/
Mountain Bluebird,1,Accidental,,
Townsend's Solitaire,1,Accidental,,
Veery,1,,,https://vabirdatlas.org/species-account/veery/
Gray-cheeked Thrush,1,,,
Bicknell's Thrush,1,,,
Swainson's Thrush,1,,,https://vabirdatlas.org/species-account/swainsons-thrush/
Hermit Thrush,1,,,https://vabirdatlas.org/species-account/hermit-thrush/
Wood Thrush,1,,,https://vabirdatlas.org/species-account/wood-thrush/
American Robin,1,,,https://vabirdatlas.org/species-account/american-robin/
Varied Thrush,1,Rare,,
Northern Wheatear,1,Accidental,,
House Sparrow,5,,,https://vabirdatlas.org/species-account/house-sparrow/
White Wagtail,1,Accidental,,
American Pipit,1,,,
Sprague's Pipit,2,Accidental,,
Evening Grosbeak,1,Rare,,
Pine Grosbeak,1,Accidental,,
Gray-crowned Rosy-Finch,1,Accidental,,
House Finch,5,,,https://vabirdatlas.org/species-account/house-finch/
Purple Finch,1,,,https://vabirdatlas.org/species-account/purple-finch/
Redpoll,1,Rare,,
Red Crossbill,1,Occasional,,https://vabirdatlas.org/species-account/red-crossbill/
White-winged Crossbill,1,Rare,,
Pine Siskin,1,,,https://vabirdatlas.org/species-account/pine-siskin/
Lesser Goldfinch,1,Accidental,,
American Goldfinch,1,,,https://vabirdatlas.org/species-account/american-goldfinch/
Lapland Longspur,1,,,
Chestnut-collared Longspur,2,Accidental,,
Smith's Longspur,1,Accidental,,
Snow Bunting,1,,,
Bachman's Sparrow,1,Extirpated,,
Grasshopper Sparrow,1,,,https://vabirdatlas.org/species-account/grasshopper-sparrow/
Black-throated Sparrow,1,Accidental,,
Lark Sparrow,1,Occasional,,
Lark Bunting,1,Accidental,,
Chipping Sparrow,1,,,https://vabirdatlas.org/species-account/chipping-sparrow/
Clay-colored Sparrow,1,Occasional,,
Field Sparrow,1,,,https://vabirdatlas.org/species-account/field-sparrow/
Brewer's Sparrow,1,Accidental,,
Fox Sparrow,1,,,
Fox Sparrow (Red),1,,,
American Tree Sparrow,1,Occasional,,
Dark-eyed Junco,1,,,https://vabirdatlas.org/species-account/dark-eyed-junco/
Dark-eyed Junco (Oregon),1,Rare,,
Dark-eyed Junco (Pink-sided),1,Accidental,,
White-crowned Sparrow,1,,,
White-crowned Sparrow (Gambel's),1,Occasional,,
Harris's Sparrow,1,Rare,,
White-throated Sparrow,1,,,
Vesper Sparrow,1,,,https://vabirdatlas.org/species-account/vesper-sparrow/
LeConte's Sparrow,1,Rare,,
Seaside Sparrow,1,,,https://vabirdatlas.org/species-account/seaside-sparrow/
Nelson's Sparrow,1,,,
Nelson's Sparrow (Nelson's),1,,,
Nelson's Sparrow (James Bay),1,,,
Nelson's Sparrow (Atlantic Coast),1,,,
Saltmarsh Sparrow,1,,,https://vabirdatlas.org/species-account/saltmarsh-sparrow/
Henslow's Sparrow,1,Occasional,,https://vabirdatlas.org/species-account/henslows-sparrow/
Savannah Sparrow,1,,,https://vabirdatlas.org/species-account/savannah-sparrow/
Savannah Sparrow (Ipswich),1,,,
Song Sparrow,1,,,https://vabirdatlas.org/species-account/song-sparrow/
Lincoln's Sparrow,1,,,
Swamp Sparrow,1,,,https://vabirdatlas.org/species-account/swamp-sparrow/
Green-tailed Towhee,1,Accidental,,
Spotted Towhee,2,Accidental,,
Eastern Towhee,1,,,https://vabirdatlas.org/species-account/eastern-towhee/
Yellow-breasted Chat,1,,,https://vabirdatlas.org/species-account/yellow-breasted-chat/
Yellow-headed Blackbird,1,Occasional,,
Bobolink,1,,,https://vabirdatlas.org/species-account/bobolink/
Eastern Meadowlark,1,,,https://vabirdatlas.org/species-account/eastern-meadowlark/
Western Meadowlark,1,Accidental,,
Orchard Oriole,1,,,https://vabirdatlas.org/species-account/orchard-oriole/
Bullock's Oriole,1,Rare,,
Baltimore Oriole,1,,,https://vabirdatlas.org/species-account/baltimore-oriole/
Scott's Oriole,1,Accidental,,
Red-winged Blackbird,1,,,https://vabirdatlas.org/species-account/red-winged-blackbird/
Shiny Cowbird,1,Accidental,,
Brown-headed Cowbird,1,,,https://vabirdatlas.org/species-account/brown-headed-cowbird/
Rusty Blackbird,1,,,
Brewer's Blackbird,1,Occasional,,
Common Grackle,1,,,https://vabirdatlas.org/species-account/common-grackle/
Boat-tailed Grackle,1,,,https://vabirdatlas.org/species-account/boat-tailed-grackle/
Ovenbird,1,,,https://vabirdatlas.org/species-account/ovenbird/
Worm-eating Warbler,1,,,https://vabirdatlas.org/species-account/worm-eating-warbler/
Louisiana Waterthrush,1,,,https://vabirdatlas.org/species-account/louisiana-waterthrush/
Northern Waterthrush,1,,,
Golden-winged Warbler,1,,,https://vabirdatlas.org/species-account/golden-winged-warbler/
Blue-winged Warbler,1,,,https://vabirdatlas.org/species-account/blue-winged-warbler/
Black-and-white Warbler,1,,,https://vabirdatlas.org/species-account/black-and-white-warbler/
Prothonotary Warbler,1,,,https://vabirdatlas.org/species-account/prothonotary-warbler/
Swainson's Warbler,1,,,https://vabirdatlas.org/species-account/swainsons-warbler/
Tennessee Warbler,1,,,
Orange-crowned Warbler,1,,,
Lucy's Warbler,1,Accidental,,
Nashville Warbler,1,,,
Virginia's Warbler,1,Accidental,,
Connecticut Warbler,1,,,
MacGillivray's Warbler,1,Accidental,,
Mourning Warbler,1,,,https://vabirdatlas.org/species-account/mourning-warbler/
Kentucky Warbler,1,,,https://vabirdatlas.org/species-account/kentucky-warbler/
Common Yellowthroat,1,,,https://vabirdatlas.org/species-account/common-yellowthroat/
Hooded Warbler,1,,,https://vabirdatlas.org/species-account/hooded-warbler/
American Redstart,1,,,https://vabirdatlas.org/species-account/american-redstart/
Kirtland's Warbler,1,Accidental,,
Cape May Warbler,1,,,
Cerulean Warbler,1,,,https://vabirdatlas.org/species-account/cerulean-warbler/
Northern Parula,1,,,https://vabirdatlas.org/species-account/northern-parula/
Magnolia Warbler,1,,,https://vabirdatlas.org/species-account/magnolia-warbler/
Bay-breasted Warbler,1,,,
Blackburnian Warbler,1,,,https://vabirdatlas.org/species-account/blackburnian-warbler/
Northern Yellow Warbler,1,,,https://vabirdatlas.org/species-account/yellow-warbler/
Chestnut-sided Warbler,1,,,https://vabirdatlas.org/species-account/chestnut-sided-warbler/
Blackpoll Warbler,1,,,
Black-throated Blue Warbler,1,,,https://vabirdatlas.org/species-account/black-throated-blue-warbler/
Palm Warbler,1,,,
Palm Warbler (Western),1,,,
Palm Warbler (Yellow),1,,,
Pine Warbler,1,,,https://vabirdatlas.org/species-account/pine-warbler/
Yellow-rumped Warbler,1,,,https://vabirdatlas.org/species-account/yellow-rumped-warbler/
Yellow-throated Warbler,1,,,https://vabirdatlas.org/species-account/yellow-throated-warbler/
Prairie Warbler,1,,,https://vabirdatlas.org/species-account/prairie-warbler/
Black-throated Gray Warbler,1,Rare,,
Townsend's Warbler,1,Rare,,
Black-throated Green Warbler,1,,,https://vabirdatlas.org/species-account/black-throated-green-warbler/
Canada Warbler,1,,,https://vabirdatlas.org/species-account/canada-warbler/
Wilson's Warbler,1,,,
Summer Tanager,1,,,https://vabirdatlas.org/species-account/summer-tanager/
Scarlet Tanager,1,,,https://vabirdatlas.org/species-account/scarlet-tanager/
Western Tanager,1,Occasional,,
Northern Cardinal,1,,,https://vabirdatlas.org/species-account/northern-cardinal/
Rose-breasted Grosbeak,1,,,https://vabirdatlas.org/species-account/rose-breasted-grosbeak/
Black-headed Grosbeak,1,Rare,,
Blue Grosbeak,1,,,https://vabirdatlas.org/species-account/blue-grosbeak/
Lazuli Bunting,1,Accidental,,
Indigo Bunting,1,,,https://vabirdatlas.org/species-account/indigo-bunting/
Painted Bunting,1,,,https://vabirdatlas.org/species-account/painted-bunting/
Dickcissel,1,Rare,,https://vabirdatlas.org/species-account/dickcissel/
Passenger Pigeon,4,,,
Eskimo Curlew,4,,,
Carolina Parakeet,4,,,
Bachman's Warbler,4,,,
Short-billed Gull,1,Accidental,,
